,Total score,1. What is your gender?,1. What is your gender? [Score],1. What is your gender? [Feedback],2. What is your age?,2. What is your age? [Score],2. What is your age? [Feedback],3. How long have you been living in Ireland? ,3. How long have you been living in Ireland?  [Score],3. How long have you been living in Ireland?  [Feedback],4. Which county do you currently live in? ,4. Which county do you currently live in?  [Score],4. Which county do you currently live in?  [Feedback],5. What best describes your current living area?,5. What best describes your current living area? [Score],5. What best describes your current living area? [Feedback],6. What is your household situation?,6. What is your household situation? [Score],6. What is your household situation? [Feedback],7. Do you have a car in Ireland?,7. Do you have a car in Ireland? [Score],7. Do you have a car in Ireland? [Feedback],8. Would you prefer to spend next holiday in Ireland or abroad?,8. Would you prefer to spend next holiday in Ireland or abroad? [Score],8. Would you prefer to spend next holiday in Ireland or abroad? [Feedback],"9. How many leisure trips have you taken in the last 12 months, both within Ireland and abroad?","9. How many leisure trips have you taken in the last 12 months, both within Ireland and abroad? [Score]","9. How many leisure trips have you taken in the last 12 months, both within Ireland and abroad? [Feedback]",10. What type of leisure trip do you prefer?,10. What type of leisure trip do you prefer? [Score],10. What type of leisure trip do you prefer? [Feedback],11. Who do you usually travel with?,11. Who do you usually travel with? [Score],11. Who do you usually travel with? [Feedback],12. What is the main purpose of your leisure trips?,12. What is the main purpose of your leisure trips? [Score],12. What is the main purpose of your leisure trips? [Feedback],13. How many leisure trips within Ireland have you taken in the last 12 months? ,13. How many leisure trips within Ireland have you taken in the last 12 months?  [Score],13. How many leisure trips within Ireland have you taken in the last 12 months?  [Feedback],14. What type of Irish destination do you prefer?,14. What type of Irish destination do you prefer? [Score],14. What type of Irish destination do you prefer? [Feedback],15. What is your preferred way of travelling around Ireland?,15. What is your preferred way of travelling around Ireland? [Score],15. What is your preferred way of travelling around Ireland? [Feedback],16. What is the typical length of your leisure trip within Ireland?,16. What is the typical length of your leisure trip within Ireland? [Score],16. What is the typical length of your leisure trip within Ireland? [Feedback],17. Which counties in Ireland have you visited for leisure?,17. Which counties in Ireland have you visited for leisure? [Score],17. Which counties in Ireland have you visited for leisure? [Feedback],"18. Overall, how satisfied are you with the opportunities to explore Ireland? ","18. Overall, how satisfied are you with the opportunities to explore Ireland?  [Score]","18. Overall, how satisfied are you with the opportunities to explore Ireland?  [Feedback]"
0,0.00 / 0,Male,-- / 0,,27,-- / 0,,3 - 4 years,-- / 0,,Dublin,-- / 0,,Large city,-- / 0,,Sharing accommodation with friends / housemates,-- / 0,,No,-- / 0,,Abroad,-- / 0,,14,-- / 0,,Longer holidays,-- / 0,,Partner / Spouse,-- / 0,,Relaxation,-- / 0,,14,-- / 0,,Mountains and countryside,-- / 0,,Train,-- / 0,,4 - 7 nights,-- / 0,,Cork;Donegal;Dublin;Galway;Kerry;Kildare;Kilkenny;Limerick;Sligo;Waterford;Wicklow,-- / 0,,5,-- / 0,
1,0.00 / 0,Male,-- / 0,,28,-- / 0,,I was born in Ireland,-- / 0,,Cork,-- / 0,,Small / Medium-sized town,-- / 0,,Living with family / children,-- / 0,,No,-- / 0,,Abroad,-- / 0,,3,-- / 0,,Weekend breaks,-- / 0,,Alone,-- / 0,,Relaxation,-- / 0,,0,-- / 0,,Abroad,-- / 0,,Combination of transport,-- / 0,,One day/ No overnight stay,-- / 0,,Cork;Dublin;Kildare,-- / 0,,5,-- / 0,
2,0.00 / 0,Male,-- / 0,,55,-- / 0,,I was born in Ireland,-- / 0,,Donegal,-- / 0,,Small / Medium-sized town,-- / 0,,Living with a partner / spouse,-- / 0,,Yes,-- / 0,,Abroad,-- / 0,,3,-- / 0,,Longer holidays,-- / 0,,Partner / Spouse,-- / 0,,Relaxation,-- / 0,,2,-- / 0,,Cities and towns,-- / 0,,Personal car,-- / 0,,2 - 3 nights,-- / 0,,Cork;Donegal;Dublin;Galway;Kerry;Mayo;Sligo;Wexford,-- / 0,,4,-- / 0,
3,0.00 / 0,Female,-- / 0,,29,-- / 0,,I was born in Ireland,-- / 0,,Mayo,-- / 0,,Small / Medium-sized town,-- / 0,,Living with family / children,-- / 0,,Yes,-- / 0,,Abroad,-- / 0,,3,-- / 0,,Longer holidays,-- / 0,,Family,-- / 0,,Exploring new places,-- / 0,,2,-- / 0,,A combination of these,-- / 0,,Personal car,-- / 0,,2 - 3 nights,-- / 0,,Carlow;Clare;Cork;Donegal;Dublin;Galway;Kildare;Kilkenny;Laois;Leitrim;Longford;Mayo;Sligo;Waterford;Wicklow,-- / 0,,3,-- / 0,
4,0.00 / 0,Female,-- / 0,,29,-- / 0,,I was born in Ireland,-- / 0,,Mayo,-- / 0,,Small / Medium-sized town,-- / 0,,Living with family / children,-- / 0,,Yes,-- / 0,,Abroad,-- / 0,,3,-- / 0,,Longer holidays,-- / 0,,Family,-- / 0,,Exploring new places,-- / 0,,2,-- / 0,,A combination of these,-- / 0,,Personal car,-- / 0,,2 - 3 nights,-- / 0,,Carlow;Clare;Cork;Donegal;Dublin;Galway;Kildare;Kilkenny;Laois;Leitrim;Limerick;Mayo;Sligo;Waterford,-- / 0,,3,-- / 0,
5,0.00 / 0,Male,-- / 0,,28,-- / 0,,I was born in Ireland,-- / 0,,Cork,-- / 0,,Large city,-- / 0,,Living with a partner / spouse,-- / 0,,Yes,-- / 0,,Abroad,-- / 0,,5,-- / 0,,Day trips,-- / 0,,Partner / Spouse,-- / 0,,Relaxation,-- / 0,,3,-- / 0,,Coastal areas and beaches,-- / 0,,Personal car,-- / 0,,2 - 3 nights,-- / 0,,Clare;Cork;Dublin;Galway;Kerry;Limerick;Mayo;Westmeath;Wicklow,-- / 0,,4,-- / 0,
6,0.00 / 0,Female,-- / 0,,39,-- / 0,,5 - 6 years,-- / 0,,Dublin,-- / 0,,Large city,-- / 0,,Living with a partner / spouse,-- / 0,,No,-- / 0,,Abroad,-- / 0,,3,-- / 0,,Weekend breaks,-- / 0,,Partner / Spouse,-- / 0,,Relaxation,-- / 0,,3,-- / 0,,Coastal areas and beaches,-- / 0,,Personal car,-- / 0,,One day/ No overnight stay,-- / 0,,Kildare;Kilkenny;Waterford;Wexford;Wicklow,-- / 0,,4,-- / 0,
7,0.00 / 0,Male,-- / 0,,36,-- / 0,,1 - 2 years,-- / 0,,Mayo,-- / 0,,Village,-- / 0,,Sharing accommodation with friends / housemates,-- / 0,,No,-- / 0,,Ireland,-- / 0,,0,-- / 0,,Weekend breaks,-- / 0,,Friends,-- / 0,,Exploring new places,-- / 0,,3,-- / 0,,A combination of these,-- / 0,,Combination of transport,-- / 0,,One day/ No overnight stay,-- / 0,,Carlow;Cork;Donegal;Dublin;Galway;Limerick;Mayo;Roscommon;Sligo;Tipperary,-- / 0,,4,-- / 0,
8,0.00 / 0,Male,-- / 0,,29,-- / 0,,3 - 4 years,-- / 0,,Dublin,-- / 0,,Large city,-- / 0,,Living with a partner / spouse,-- / 0,,No,-- / 0,,Abroad,-- / 0,,3,-- / 0,,Longer holidays,-- / 0,,Partner / Spouse,-- / 0,,Exploring new places,-- / 0,,0,-- / 0,,Coastal areas and beaches,-- / 0,,Combination of transport,-- / 0,,2 - 3 nights,-- / 0,,Clare;Cork;Dublin;Galway;Wicklow,-- / 0,,3,-- / 0,
9,0.00 / 0,Female,-- / 0,,41,-- / 0,,More than 10 years,-- / 0,,Dublin,-- / 0,,Dublin (small city),-- / 0,,Sharing accommodation with friends / housemates,-- / 0,,Yes,-- / 0,,Abroad,-- / 0,,5,-- / 0,,A combination of these,-- / 0,,Alone,-- / 0,,Exploring new places,-- / 0,,1,-- / 0,,A combination of these,-- / 0,,Personal car,-- / 0,,1 night,-- / 0,,Clare;Cork;Donegal;Dublin;Galway;Kerry;Kildare;Kilkenny;Limerick;Mayo;Sligo;Tipperary;Waterford;Westmeath;Wexford;Wicklow,-- / 0,,5,-- / 0,
10,0.00 / 0,Male,-- / 0,,35,-- / 0,,9 - 10 years,-- / 0,,Limerick,-- / 0,,Large city,-- / 0,,Living with a partner / spouse,-- / 0,,Yes,-- / 0,,Abroad,-- / 0,,7,-- / 0,,Longer holidays,-- / 0,,Partner / Spouse,-- / 0,,Exploring new places,-- / 0,,4,-- / 0,,National parks and nature reserves,-- / 0,,Personal car,-- / 0,,One day/ No overnight stay,-- / 0,,Cavan;Clare;Cork;Dublin;Galway;Kerry;Kildare;Limerick;Sligo;Tipperary;Wexford,-- / 0,,3,-- / 0,
11,0.00 / 0,Female,-- / 0,,36,-- / 0,,7 - 8 years,-- / 0,,Cork,-- / 0,,Small / Medium-sized town,-- / 0,,Living with family / children,-- / 0,,Yes,-- / 0,,Abroad,-- / 0,,4,-- / 0,,A combination of these,-- / 0,,Family,-- / 0,,Exploring new places,-- / 0,,3,-- / 0,,Coastal areas and beaches,-- / 0,,Personal car,-- / 0,,2 - 3 nights,-- / 0,,Donegal;Dublin;Kerry;Kildare;Wicklow,-- / 0,,5,-- / 0,
12,0.00 / 0,Female,-- / 0,,26,-- / 0,,3 - 4 years,-- / 0,,Dublin,-- / 0,,Small / Medium-sized town,-- / 0,,Sharing accommodation with friends / housemates,-- / 0,,No,-- / 0,,Abroad,-- / 0,,6,-- / 0,,Longer holidays,-- / 0,,Friends,-- / 0,,Exploring new places,-- / 0,,2,-- / 0,,Cities and towns,-- / 0,,Rental car,-- / 0,,1 night,-- / 0,,Cork;Dublin;Galway;Kildare;Kilkenny;Limerick;Mayo;Sligo;Wicklow,-- / 0,,3,-- / 0,
13,0.00 / 0,Female,-- / 0,,40,-- / 0,,3 - 4 years,-- / 0,,Kildare,-- / 0,,Village,-- / 0,,Living with family / children,-- / 0,,No,-- / 0,,Abroad,-- / 0,,1,-- / 0,,Longer holidays,-- / 0,,Family,-- / 0,,Exploring new places,-- / 0,,1,-- / 0,,A combination of these,-- / 0,,Combination of transport,-- / 0,,One day/ No overnight stay,-- / 0,,Dublin;Kildare;Waterford,-- / 0,,3,-- / 0,
14,0.00 / 0,Female,-- / 0,,30,-- / 0,,3 - 4 years,-- / 0,,Dublin,-- / 0,,Small / Medium-sized town,-- / 0,,Living with a partner / spouse,-- / 0,,No,-- / 0,,Abroad,-- / 0,,0,-- / 0,,Longer holidays,-- / 0,,Partner / Spouse,-- / 0,,Exploring new places,-- / 0,,3,-- / 0,,Coastal areas and beaches,-- / 0,,Walking/Hiking,-- / 0,,One day/ No overnight stay,-- / 0,,Dublin;Kilkenny;Wicklow,-- / 0,,5,-- / 0,
15,0.00 / 0,Male,-- / 0,,33,-- / 0,,9 - 10 years,-- / 0,,Dublin,-- / 0,,Large city,-- / 0,,Sharing accommodation with friends / housemates,-- / 0,,Yes,-- / 0,,Abroad,-- / 0,,2,-- / 0,,Longer holidays,-- / 0,,Partner / Spouse,-- / 0,,Exploring new places,-- / 0,,0,-- / 0,,Coastal areas and beaches,-- / 0,,Personal car,-- / 0,,2 - 3 nights,-- / 0,,Cork;Dublin;Galway;Kerry;Kildare;Wexford;Wicklow,-- / 0,,4,-- / 0,
16,0.00 / 0,Male,-- / 0,,49,-- / 0,,More than 10 years,-- / 0,,Laois,-- / 0,,Small / Medium-sized town,-- / 0,,Living with family / children,-- / 0,,Yes,-- / 0,,Abroad,-- / 0,,2,-- / 0,,Longer holidays,-- / 0,,Family,-- / 0,,Visiting friends and family,-- / 0,,2,-- / 0,,Coastal areas and beaches,-- / 0,,Personal car,-- / 0,,2 - 3 nights,-- / 0,,Clare;Cork;Donegal;Kerry;Kilkenny;Limerick;Meath;Roscommon;Waterford;Wexford;Wicklow,-- / 0,,4,-- / 0,
17,0.00 / 0,Male,-- / 0,,27,-- / 0,,I was born in Ireland,-- / 0,,Laois,-- / 0,,Rural area,-- / 0,,Living with family / children,-- / 0,,Yes,-- / 0,,Abroad,-- / 0,,3,-- / 0,,A combination of these,-- / 0,,Friends,-- / 0,,Relaxation,-- / 0,,1,-- / 0,,Coastal areas and beaches,-- / 0,,Personal car,-- / 0,,2 - 3 nights,-- / 0,,Cork;Dublin;Galway;Sligo;Waterford;Wexford,-- / 0,,4,-- / 0,
18,0.00 / 0,Male,-- / 0,,32,-- / 0,,3 - 4 years,-- / 0,,Dublin,-- / 0,,Large city,-- / 0,,Sharing accommodation with friends / housemates,-- / 0,,No,-- / 0,,Abroad,-- / 0,,5,-- / 0,,A combination of these,-- / 0,,Friends,-- / 0,,Exploring new places,-- / 0,,3,-- / 0,,A combination of these,-- / 0,,Rental car,-- / 0,,One day/ No overnight stay,-- / 0,,Cork;Dublin;Galway;Kildare;Kilkenny;Waterford;Wicklow,-- / 0,,3,-- / 0,
19,0.00 / 0,Female,-- / 0,,33,-- / 0,,3 - 4 years,-- / 0,,Dublin,-- / 0,,Large city,-- / 0,,Sharing accommodation with friends / housemates,-- / 0,,Yes,-- / 0,,Ireland,-- / 0,,4,-- / 0,,Weekend breaks,-- / 0,,Alone,-- / 0,,Visiting friends and family,-- / 0,,20,-- / 0,,A combination of these,-- / 0,,Personal car,-- / 0,,One day/ No overnight stay,-- / 0,,Carlow;Dublin;Galway;Kildare;Kilkenny;Limerick;Meath;Offaly;Waterford;Wexford;Wicklow,-- / 0,,5,-- / 0,
20,0.00 / 0,Male,-- / 0,,39,-- / 0,,3 - 4 years,-- / 0,,Wexford,-- / 0,,Small / Medium-sized town,-- / 0,,Living with a partner / spouse,-- / 0,,Yes,-- / 0,,Abroad,-- / 0,,4,-- / 0,,A combination of these,-- / 0,,Partner / Spouse,-- / 0,,Exploring new places,-- / 0,,2,-- / 0,,A combination of these,-- / 0,,Personal car,-- / 0,,One day/ No overnight stay,-- / 0,,Carlow;Cork;Dublin;Kerry;Kildare;Kilkenny;Limerick;Waterford;Wexford;Wicklow,-- / 0,,4,-- / 0,
21,0.00 / 0,Female,-- / 0,,42,-- / 0,,More than 10 years,-- / 0,,Dublin,-- / 0,,Large city,-- / 0,,Living with a partner / spouse,-- / 0,,Yes,-- / 0,,Abroad,-- / 0,,3,-- / 0,,Longer holidays,-- / 0,,Partner / Spouse,-- / 0,,Relaxation,-- / 0,,3,-- / 0,,Coastal areas and beaches,-- / 0,,Personal car,-- / 0,,2 - 3 nights,-- / 0,,Clare;Cork;Galway;Kildare;Mayo;Wexford;Wicklow,-- / 0,,5,-- / 0,
22,0.00 / 0,Female,-- / 0,,44,-- / 0,,3 - 4 years,-- / 0,,Dublin,-- / 0,,Large city,-- / 0,,Living with a partner / spouse,-- / 0,,No,-- / 0,,Abroad,-- / 0,,7,-- / 0,,Day trips,-- / 0,,Partner / Spouse,-- / 0,,Exploring new places,-- / 0,,3,-- / 0,,National parks and nature reserves,-- / 0,,Train,-- / 0,,One day/ No overnight stay,-- / 0,,Cork;Kerry;Kildare,-- / 0,,3,-- / 0,
23,0.00 / 0,Female,-- / 0,,36,-- / 0,,More than 10 years,-- / 0,,Dublin,-- / 0,,Large city,-- / 0,,Sharing accommodation with friends / housemates,-- / 0,,No,-- / 0,,Abroad,-- / 0,,3,-- / 0,,A combination of these,-- / 0,,Friends,-- / 0,,Exploring new places,-- / 0,,1,-- / 0,,Mountains and countryside,-- / 0,,Rental car,-- / 0,,2 - 3 nights,-- / 0,,Carlow;Clare;Cork;Donegal;Dublin;Galway;Kerry;Kildare;Kilkenny;Limerick;Louth;Mayo;Meath;Offaly;Tipperary;Waterford;Westmeath;Wexford;Wicklow,-- / 0,,4,-- / 0,
24,0.00 / 0,Male,-- / 0,,32,-- / 0,,I was born in Ireland,-- / 0,,Carlow,-- / 0,,Small / Medium-sized town,-- / 0,,Living with a partner / spouse,-- / 0,,Yes,-- / 0,,Abroad,-- / 0,,2,-- / 0,,A combination of these,-- / 0,,Partner / Spouse,-- / 0,,Exploring new places,-- / 0,,3,-- / 0,,Coastal areas and beaches,-- / 0,,Personal car,-- / 0,,1 night,-- / 0,,Clare;Cork;Donegal;Dublin;Galway;Kerry;Kilkenny;Mayo;Sligo;Wicklow,-- / 0,,5,-- / 0,
25,0.00 / 0,Female,-- / 0,,36,-- / 0,,9 - 10 years,-- / 0,,Cork,-- / 0,,Small / Medium-sized town,-- / 0,,Living with family / children,-- / 0,,Yes,-- / 0,,Abroad,-- / 0,,3,-- / 0,,Longer holidays,-- / 0,,Family,-- / 0,,Relaxation,-- / 0,,3,-- / 0,,Coastal areas and beaches,-- / 0,,Personal car,-- / 0,,2 - 3 nights,-- / 0,,Donegal;Kerry;Sligo,-- / 0,,5,-- / 0,
26,0.00 / 0,Male,-- / 0,,36,-- / 0,,1 - 2 years,-- / 0,,Mayo,-- / 0,,Large city,-- / 0,,Sharing accommodation with friends / housemates,-- / 0,,No,-- / 0,,Ireland,-- / 0,,2,-- / 0,,Day trips,-- / 0,,Friends,-- / 0,,Exploring new places,-- / 0,,2,-- / 0,,Mountains and countryside,-- / 0,,Combination of transport,-- / 0,,One day/ No overnight stay,-- / 0,,Cork;Donegal;Dublin;Galway;Limerick;Mayo;Roscommon;Sligo;Tipperary,-- / 0,,4,-- / 0,
27,0.00 / 0,Male,-- / 0,,40,-- / 0,,3 - 4 years,-- / 0,,Kildare,-- / 0,,Rural area,-- / 0,,Living with family / children,-- / 0,,Yes,-- / 0,,Abroad,-- / 0,,2,-- / 0,,Longer holidays,-- / 0,,Family,-- / 0,,Exploring new places,-- / 0,,2,-- / 0,,A combination of these,-- / 0,,Personal car,-- / 0,,One day/ No overnight stay,-- / 0,,Cork;Dublin;Kildare;Waterford,-- / 0,,3,-- / 0,
28,0.00 / 0,Non-binary,-- / 0,,48,-- / 0,,I was born in Ireland,-- / 0,,Wicklow,-- / 0,,Village,-- / 0,,Living with family / children,-- / 0,,Yes,-- / 0,,Abroad,-- / 0,,3,-- / 0,,A combination of these,-- / 0,,Partner / Spouse,-- / 0,,Relaxation,-- / 0,,1,-- / 0,,Coastal areas and beaches,-- / 0,,Personal car,-- / 0,,2 - 3 nights,-- / 0,,Carlow;Cork;Donegal;Dublin;Galway;Kerry;Kildare;Kilkenny;Laois;Mayo;Meath;Offaly;Waterford;Wexford;Wicklow,-- / 0,,3,-- / 0,
29,0.00 / 0,Female,-- / 0,,26,-- / 0,,5 - 6 years,-- / 0,,Dublin,-- / 0,,Small / Medium-sized town,-- / 0,,Living with a partner / spouse,-- / 0,,Yes,-- / 0,,Abroad,-- / 0,,2,-- / 0,,Weekend breaks,-- / 0,,Partner / Spouse,-- / 0,,Exploring new places,-- / 0,,5,-- / 0,,A combination of these,-- / 0,,Personal car,-- / 0,,1 night,-- / 0,,Carlow;Cavan;Cork;Dublin;Galway;Kildare;Limerick;Mayo;Wicklow,-- / 0,,4,-- / 0,
30,0.00 / 0,Male,-- / 0,,32,-- / 0,,3 - 4 years,-- / 0,,Dublin,-- / 0,,Large city,-- / 0,,Sharing accommodation with friends / housemates,-- / 0,,No,-- / 0,,Abroad,-- / 0,,5,-- / 0,,A combination of these,-- / 0,,Friends,-- / 0,,Exploring new places,-- / 0,,3,-- / 0,,A combination of these,-- / 0,,Rental car,-- / 0,,One day/ No overnight stay,-- / 0,,Cork;Dublin;Galway;Kildare;Kilkenny;Limerick;Mayo;Meath;Sligo;Waterford;Wexford;Wicklow,-- / 0,,5,-- / 0,
31,0.00 / 0,Male,-- / 0,,33,-- / 0,,9 - 10 years,-- / 0,,Dublin,-- / 0,,Small / Medium-sized town,-- / 0,,Sharing accommodation with friends / housemates,-- / 0,,Yes,-- / 0,,Abroad,-- / 0,,2,-- / 0,,Longer holidays,-- / 0,,Partner / Spouse,-- / 0,,Exploring new places,-- / 0,,1,-- / 0,,Coastal areas and beaches,-- / 0,,Personal car,-- / 0,,2 - 3 nights,-- / 0,,Dublin;Kerry;Kildare;Wicklow,-- / 0,,3,-- / 0,
32,0.00 / 0,Female,-- / 0,,41,-- / 0,,More than 10 years,-- / 0,,Dublin,-- / 0,,"Small city, Dublin",-- / 0,,Sharing accommodation with friends / housemates,-- / 0,,Yes,-- / 0,,Abroad,-- / 0,,5,-- / 0,,A combination of these,-- / 0,,Friends,-- / 0,,Exploring new places,-- / 0,,1,-- / 0,,A combination of these,-- / 0,,Personal car,-- / 0,,2 - 3 nights,-- / 0,,Cavan;Clare;Cork;Donegal;Dublin;Galway;Kerry;Kildare;Kilkenny;Limerick;Mayo;Meath;Monaghan;Offaly;Roscommon;Sligo;Tipperary;Waterford;Wexford;Wicklow,-- / 0,,5,-- / 0,
33,0.00 / 0,Female,-- / 0,,31,-- / 0,,More than 10 years,-- / 0,,Cork,-- / 0,,Village,-- / 0,,Living with family / children,-- / 0,,Yes,-- / 0,,Abroad,-- / 0,,3,-- / 0,,Longer holidays,-- / 0,,Family,-- / 0,,Relaxation,-- / 0,,0,-- / 0,,A combination of these,-- / 0,,Personal car,-- / 0,,1 night,-- / 0,,Cork;Dublin;Galway;Kerry;Kilkenny;Limerick;Sligo;Waterford;Wexford,-- / 0,,5,-- / 0,
34,0.00 / 0,Male,-- / 0,,27,-- / 0,,3 - 4 years,-- / 0,,Dublin,-- / 0,,Large city,-- / 0,,Living with a partner / spouse,-- / 0,,Yes,-- / 0,,Abroad,-- / 0,,3,-- / 0,,Longer holidays,-- / 0,,Partner / Spouse,-- / 0,,Exploring new places,-- / 0,,1,-- / 0,,Coastal areas and beaches,-- / 0,,Personal car,-- / 0,,One day/ No overnight stay,-- / 0,,Clare;Cork;Donegal;Kerry;Kilkenny;Mayo;Waterford;Wexford;Wicklow,-- / 0,,3,-- / 0,
35,0.00 / 0,Female,-- / 0,,29,-- / 0,,I was born in Ireland,-- / 0,,Mayo,-- / 0,,Small / Medium-sized town,-- / 0,,Living with family / children,-- / 0,,Yes,-- / 0,,Abroad,-- / 0,,3,-- / 0,,A combination of these,-- / 0,,Family,-- / 0,,Exploring new places,-- / 0,,2,-- / 0,,A combination of these,-- / 0,,Personal car,-- / 0,,2 - 3 nights,-- / 0,,Carlow;Clare;Cork;Donegal;Dublin;Galway;Kilkenny;Laois;Leitrim;Longford;Mayo;Roscommon;Sligo;Waterford;Westmeath;Wicklow,-- / 0,,3,-- / 0,
36,0.00 / 0,Female,-- / 0,,43,-- / 0,,More than 10 years,-- / 0,,Dublin,-- / 0,,Large city,-- / 0,,Living with family / children,-- / 0,,Yes,-- / 0,,Abroad,-- / 0,,5,-- / 0,,A combination of these,-- / 0,,Family,-- / 0,,All of the above ,-- / 0,,3,-- / 0,,A combination of these,-- / 0,,Personal car,-- / 0,,1 night,-- / 0,,Clare;Cork;Donegal;Dublin;Galway;Kerry;Kildare;Kilkenny;Leitrim;Limerick;Louth;Meath;Sligo;Tipperary;Waterford;Wexford;Wicklow,-- / 0,,5,-- / 0,
37,0.00 / 0,Male,-- / 0,,30,-- / 0,,3 - 4 years,-- / 0,,Dublin,-- / 0,,Large city,-- / 0,,Living with a partner / spouse,-- / 0,,Yes,-- / 0,,Abroad,-- / 0,,2,-- / 0,,Longer holidays,-- / 0,,Partner / Spouse,-- / 0,,Relaxation,-- / 0,,0,-- / 0,,National parks and nature reserves,-- / 0,,Personal car,-- / 0,,One day/ No overnight stay,-- / 0,,Dublin;Wicklow,-- / 0,,3,-- / 0,
38,0.00 / 0,Male,-- / 0,,35,-- / 0,,More than 10 years,-- / 0,,Dublin,-- / 0,,Large city,-- / 0,,Living with a partner / spouse,-- / 0,,No,-- / 0,,Abroad,-- / 0,,3,-- / 0,,Longer holidays,-- / 0,,Partner / Spouse,-- / 0,,Exploring new places,-- / 0,,3,-- / 0,,A combination of these,-- / 0,,Combination of transport,-- / 0,,2 - 3 nights,-- / 0,,Dublin;Kerry,-- / 0,,5,-- / 0,
39,0.00 / 0,Female,-- / 0,,26,-- / 0,,I was born in Ireland,-- / 0,,Cork,-- / 0,,Large city,-- / 0,,Sharing accommodation with friends / housemates,-- / 0,,No,-- / 0,,Abroad,-- / 0,,5,-- / 0,,Longer holidays,-- / 0,,Alone,-- / 0,,Exploring new places,-- / 0,,2,-- / 0,,Historical sites and castles,-- / 0,,Train,-- / 0,,One day/ No overnight stay,-- / 0,,Clare;Cork;Dublin;Galway;Kerry;Kildare;Leitrim;Limerick;Mayo;Meath;Roscommon;Sligo;Tipperary;Waterford;Westmeath;Wexford,-- / 0,,5,-- / 0,
40,0.00 / 0,Male,-- / 0,,39,-- / 0,,3 - 4 years,-- / 0,,Wexford,-- / 0,,Small / Medium-sized town,-- / 0,,Living with a partner / spouse,-- / 0,,Yes,-- / 0,,Abroad,-- / 0,,5,-- / 0,,A combination of these,-- / 0,,Partner / Spouse,-- / 0,,Exploring new places,-- / 0,,2,-- / 0,,A combination of these,-- / 0,,Personal car,-- / 0,,One day/ No overnight stay,-- / 0,,Carlow;Cork;Dublin;Kerry;Kildare;Kilkenny;Limerick;Waterford;Wexford;Wicklow,-- / 0,,4,-- / 0,
